<?xml version="1.0" encoding="UTF-8"?>
<!DOCTYPE mapper PUBLIC "-//mybatis.org//DTD Mapper 3.0//EN" "http://mybatis.org/dtd/mybatis-3-mapper.dtd">

<mapper namespace="com.sky.mapper.BoardMapper">
	<select id="selectCount" resultType="Integer">
		select count(*) from member
	</select>


	<select id="selectBoardList" resultType="com.sky.dto.BoardDto">
		<![CDATA[
			SELECT
				ID,
				EMAIL,
				PASSWORD,
				NAME,
				DATE_FORMAT(REGDATE, '%Y.%m.%d %H:%i:%s') AS REGDATE
			FROM
				MEMBER
			ORDER BY id DESC
		]]>
	</select>
	
	<insert id="insertBoard" parameterType="com.sky.dto.BoardDto" 
	                              useGeneratedKeys="true" keyProperty="id">
	<![CDATA[
			INSERT INTO member
			(
				email, 
				password, 
				name, 
				regdate
			) 
			VALUES 
			(
				#{email}, 
				#{password},
				#{name}, 
				NOW()			
			)
		]]>
	</insert>

	<delete id="deleteBoard" parameterType="int">
		delete from member where id = #{id}
	</delete>
	
	<update id="updateBoard" parameterType="com.sky.dto.BoardDto">
		<![CDATA[
		update member set 
			email = #{email}, 
			name = #{name},
			password=#{password}
		where id = #{id}
		]]>
	</update>

</mapper>



