<?xml version="1.0" encoding="UTF-8"?>
<!DOCTYPE generatorConfiguration PUBLIC
        "-//mybatis.org//DTD MyBatis Generator Configuration 1.0//EN"
        "http://mybatis.org/dtd/mybatis-generator-config_1_0.dtd">
<generatorConfiguration>
    <context id="sampledb" targetRuntime="MyBatis3">
        <jdbcConnection
                connectionURL="jdbc:mysql://localhost:3306/spring5fs?serverTimezone=UTC"
                driverClass="com.mysql.cj.jdbc.Driver" password="spring5"
                userId="spring5" />

        <javaModelGenerator targetPackage="com.sky.mybatisdynamic.dao" targetProject="src/main/java">
            <property name="enableSubPackages" value="true"/>
            <property name="trimStrings" value="true"/>
        </javaModelGenerator>
        <sqlMapGenerator targetPackage="mapper" targetProject="src/main/resources">
            <property name="enableSubPackages" value="true" />
        </sqlMapGenerator>
    <javaClientGenerator type="XMLMAPPER" targetPackage="com.sky.mybatisdynamic.mapper" targetProject="src/main/java">
        <property name="enableSubPackages" value="true" />
    </javaClientGenerator>
    <table tableName="member" />
</context>
</generatorConfiguration>
