<?xml version="1.0" encoding="UTF-8"?>
<!DOCTYPE mapper PUBLIC "-//mybatis.org//DTD Mapper 3.0//EN" "http://mybatis.org/dtd/mybatis-3-mapper.dtd">
<mapper namespace="com.sky.mybatisdynamic.mapper.MemberMapper">
  <resultMap id="BaseResultMap" type="com.sky.mybatisdynamic.dao.Member">
    <!--
      WARNING - @mbg.generated
      This element is automatically generated by MyBatis Generator, do not modify.
      This element was generated on Thu May 16 16:21:21 KST 2024.
    -->
    <id column="ID" jdbcType="INTEGER" property="id" />
    <result column="EMAIL" jdbcType="VARCHAR" property="email" />
    <result column="PASSWORD" jdbcType="VARCHAR" property="password" />
    <result column="NAME" jdbcType="VARCHAR" property="name" />
    <result column="REGDATE" jdbcType="TIMESTAMP" property="regdate" />
  </resultMap>
  <sql id="Example_Where_Clause">
    <!--
      WARNING - @mbg.generated
      This element is automatically generated by MyBatis Generator, do not modify.
      This element was generated on Thu May 16 16:21:21 KST 2024.
    -->
    <where>
      <foreach collection="oredCriteria" item="criteria" separator="or">
        <if test="criteria.valid">
          <trim prefix="(" prefixOverrides="and" suffix=")">
            <foreach collection="criteria.criteria" item="criterion">
              <choose>
                <when test="criterion.noValue">
                  and ${criterion.condition}
                </when>
                <when test="criterion.singleValue">
                  and ${criterion.condition} #{criterion.value}
                </when>
                <when test="criterion.betweenValue">
                  and ${criterion.condition} #{criterion.value} and #{criterion.secondValue}
                </when>
                <when test="criterion.listValue">
                  and ${criterion.condition}
                  <foreach close=")" collection="criterion.value" item="listItem" open="(" separator=",">
                    #{listItem}
                  </foreach>
                </when>
              </choose>
            </foreach>
          </trim>
        </if>
      </foreach>
    </where>
  </sql>
  <sql id="Update_By_Example_Where_Clause">
    <!--
      WARNING - @mbg.generated
      This element is automatically generated by MyBatis Generator, do not modify.
      This element was generated on Thu May 16 16:21:21 KST 2024.
    -->
    <where>
      <foreach collection="example.oredCriteria" item="criteria" separator="or">
        <if test="criteria.valid">
          <trim prefix="(" prefixOverrides="and" suffix=")">
            <foreach collection="criteria.criteria" item="criterion">
              <choose>
                <when test="criterion.noValue">
                  and ${criterion.condition}
                </when>
                <when test="criterion.singleValue">
                  and ${criterion.condition} #{criterion.value}
                </when>
                <when test="criterion.betweenValue">
                  and ${criterion.condition} #{criterion.value} and #{criterion.secondValue}
                </when>
                <when test="criterion.listValue">
                  and ${criterion.condition}
                  <foreach close=")" collection="criterion.value" item="listItem" open="(" separator=",">
                    #{listItem}
                  </foreach>
                </when>
              </choose>
            </foreach>
          </trim>
        </if>
      </foreach>
    </where>
  </sql>
  <sql id="Base_Column_List">
    <!--
      WARNING - @mbg.generated
      This element is automatically generated by MyBatis Generator, do not modify.
      This element was generated on Thu May 16 16:21:21 KST 2024.
    -->
    ID, EMAIL, PASSWORD, NAME, REGDATE
  </sql>
  <select id="selectByExample" parameterType="com.sky.mybatisdynamic.dao.MemberExample" resultMap="BaseResultMap">
    <!--
      WARNING - @mbg.generated
      This element is automatically generated by MyBatis Generator, do not modify.
      This element was generated on Thu May 16 16:21:21 KST 2024.
    -->
    select
    <if test="distinct">
      distinct
    </if>
    <include refid="Base_Column_List" />
    from member
    <if test="_parameter != null">
      <include refid="Example_Where_Clause" />
    </if>
    <if test="orderByClause != null">
      order by ${orderByClause}
    </if>
  </select>
  <select id="selectByPrimaryKey" parameterType="java.lang.Integer" resultMap="BaseResultMap">
    <!--
      WARNING - @mbg.generated
      This element is automatically generated by MyBatis Generator, do not modify.
      This element was generated on Thu May 16 16:21:21 KST 2024.
    -->
    select 
    <include refid="Base_Column_List" />
    from member
    where ID = #{id,jdbcType=INTEGER}
  </select>
  <delete id="deleteByPrimaryKey" parameterType="java.lang.Integer">
    <!--
      WARNING - @mbg.generated
      This element is automatically generated by MyBatis Generator, do not modify.
      This element was generated on Thu May 16 16:21:21 KST 2024.
    -->
    delete from member
    where ID = #{id,jdbcType=INTEGER}
  </delete>
  <delete id="deleteByExample" parameterType="com.sky.mybatisdynamic.dao.MemberExample">
    <!--
      WARNING - @mbg.generated
      This element is automatically generated by MyBatis Generator, do not modify.
      This element was generated on Thu May 16 16:21:21 KST 2024.
    -->
    delete from member
    <if test="_parameter != null">
      <include refid="Example_Where_Clause" />
    </if>
  </delete>
  <insert id="insert" parameterType="com.sky.mybatisdynamic.dao.Member">
    <!--
      WARNING - @mbg.generated
      This element is automatically generated by MyBatis Generator, do not modify.
      This element was generated on Thu May 16 16:21:21 KST 2024.
    -->
    insert into member (ID, EMAIL, PASSWORD, 
      NAME, REGDATE)
    values (#{id,jdbcType=INTEGER}, #{email,jdbcType=VARCHAR}, #{password,jdbcType=VARCHAR}, 
      #{name,jdbcType=VARCHAR}, #{regdate,jdbcType=TIMESTAMP})
  </insert>
  <insert id="insertSelective" parameterType="com.sky.mybatisdynamic.dao.Member">
    <!--
      WARNING - @mbg.generated
      This element is automatically generated by MyBatis Generator, do not modify.
      This element was generated on Thu May 16 16:21:21 KST 2024.
    -->
    insert into member
    <trim prefix="(" suffix=")" suffixOverrides=",">
      <if test="id != null">
        ID,
      </if>
      <if test="email != null">
        EMAIL,
      </if>
      <if test="password != null">
        PASSWORD,
      </if>
      <if test="name != null">
        NAME,
      </if>
      <if test="regdate != null">
        REGDATE,
      </if>
    </trim>
    <trim prefix="values (" suffix=")" suffixOverrides=",">
      <if test="id != null">
        #{id,jdbcType=INTEGER},
      </if>
      <if test="email != null">
        #{email,jdbcType=VARCHAR},
      </if>
      <if test="password != null">
        #{password,jdbcType=VARCHAR},
      </if>
      <if test="name != null">
        #{name,jdbcType=VARCHAR},
      </if>
      <if test="regdate != null">
        #{regdate,jdbcType=TIMESTAMP},
      </if>
    </trim>
  </insert>
  <select id="countByExample" parameterType="com.sky.mybatisdynamic.dao.MemberExample" resultType="java.lang.Long">
    <!--
      WARNING - @mbg.generated
      This element is automatically generated by MyBatis Generator, do not modify.
      This element was generated on Thu May 16 16:21:21 KST 2024.
    -->
    select count(*) from member
    <if test="_parameter != null">
      <include refid="Example_Where_Clause" />
    </if>
  </select>
  <update id="updateByExampleSelective" parameterType="map">
    <!--
      WARNING - @mbg.generated
      This element is automatically generated by MyBatis Generator, do not modify.
      This element was generated on Thu May 16 16:21:21 KST 2024.
    -->
    update member
    <set>
      <if test="record.id != null">
        ID = #{record.id,jdbcType=INTEGER},
      </if>
      <if test="record.email != null">
        EMAIL = #{record.email,jdbcType=VARCHAR},
      </if>
      <if test="record.password != null">
        PASSWORD = #{record.password,jdbcType=VARCHAR},
      </if>
      <if test="record.name != null">
        NAME = #{record.name,jdbcType=VARCHAR},
      </if>
      <if test="record.regdate != null">
        REGDATE = #{record.regdate,jdbcType=TIMESTAMP},
      </if>
    </set>
    <if test="_parameter != null">
      <include refid="Update_By_Example_Where_Clause" />
    </if>
  </update>
  <update id="updateByExample" parameterType="map">
    <!--
      WARNING - @mbg.generated
      This element is automatically generated by MyBatis Generator, do not modify.
      This element was generated on Thu May 16 16:21:21 KST 2024.
    -->
    update member
    set ID = #{record.id,jdbcType=INTEGER},
      EMAIL = #{record.email,jdbcType=VARCHAR},
      PASSWORD = #{record.password,jdbcType=VARCHAR},
      NAME = #{record.name,jdbcType=VARCHAR},
      REGDATE = #{record.regdate,jdbcType=TIMESTAMP}
    <if test="_parameter != null">
      <include refid="Update_By_Example_Where_Clause" />
    </if>
  </update>
  <update id="updateByPrimaryKeySelective" parameterType="com.sky.mybatisdynamic.dao.Member">
    <!--
      WARNING - @mbg.generated
      This element is automatically generated by MyBatis Generator, do not modify.
      This element was generated on Thu May 16 16:21:21 KST 2024.
    -->
    update member
    <set>
      <if test="email != null">
        EMAIL = #{email,jdbcType=VARCHAR},
      </if>
      <if test="password != null">
        PASSWORD = #{password,jdbcType=VARCHAR},
      </if>
      <if test="name != null">
        NAME = #{name,jdbcType=VARCHAR},
      </if>
      <if test="regdate != null">
        REGDATE = #{regdate,jdbcType=TIMESTAMP},
      </if>
    </set>
    where ID = #{id,jdbcType=INTEGER}
  </update>
  <update id="updateByPrimaryKey" parameterType="com.sky.mybatisdynamic.dao.Member">
    <!--
      WARNING - @mbg.generated
      This element is automatically generated by MyBatis Generator, do not modify.
      This element was generated on Thu May 16 16:21:21 KST 2024.
    -->
    update member
    set EMAIL = #{email,jdbcType=VARCHAR},
      PASSWORD = #{password,jdbcType=VARCHAR},
      NAME = #{name,jdbcType=VARCHAR},
      REGDATE = #{regdate,jdbcType=TIMESTAMP}
    where ID = #{id,jdbcType=INTEGER}
  </update>
</mapper>